scenario,n_complete,n_per_group,n_recruit_15pct_loss,a_language,a_action,b_within,indirect_language,indirect_action,icc,random_slope_sd,random_effects,replications,inner_draws,power_language_alpha05,power_action_alpha05,power_both_alpha05,power_language_alpha025,power_action_alpha025,power_both_alpha025,mcse_language_alpha025,mcse_action_alpha025,mean_a_language_hat,mean_a_action_hat,mean_b_hat,failures,seed
Temkinli,192,48,228,0.1,0.1,0.2,0.020000000000000004,0.020000000000000004,0.5,0.15,intercept + language + action + focus; diagonal G,600,3000,0.7433333333333333,0.8,0.5916666666666667,0.6416666666666667,0.6966666666666667,0.45,0.01957594423246533,0.01876709097605976,0.09854467393663204,0.1006007517301875,0.1994946546118421,0,20270826
Temkinli,208,52,248,0.1,0.1,0.2,0.020000000000000004,0.020000000000000004,0.5,0.15,intercept + language + action + focus; diagonal G,600,3000,0.7766666666666666,0.805,0.6266666666666667,0.6783333333333333,0.7233333333333334,0.5066666666666667,0.019069924935275363,0.018262996387149538,0.09903735937764692,0.10224364648771915,0.20302895642910038,0,20270843
Temkinli,224,56,264,0.1,0.1,0.2,0.020000000000000004,0.020000000000000004,0.5,0.15,intercept + language + action + focus; diagonal G,600,3000,0.8066666666666666,0.815,0.6666666666666666,0.7233333333333334,0.7,0.5233333333333333,0.018262996387149538,0.01870828693386971,0.09876699913825877,0.09794218024426846,0.20003203754908183,0,20270860
Temkinli,240,60,284,0.1,0.1,0.2,0.020000000000000004,0.020000000000000004,0.5,0.15,intercept + language + action + focus; diagonal G,600,3000,0.8383333333333334,0.8416666666666667,0.7033333333333334,0.745,0.7533333333333333,0.5566666666666666,0.017793959649274244,0.017598400600728002,0.0973727102947012,0.09831640119600157,0.19903510567213034,0,20270877
Temkinli,248,62,292,0.1,0.1,0.2,0.020000000000000004,0.020000000000000004,0.5,0.15,intercept + language + action + focus; diagonal G,600,3000,0.865,0.8566666666666667,0.7383333333333333,0.8,0.775,0.6233333333333333,0.01632993161855452,0.017047727121232318,0.09973111998049707,0.10007973752712414,0.1997075073518365,0,20270894
Temkinli,256,64,304,0.1,0.1,0.2,0.020000000000000004,0.020000000000000004,0.5,0.15,intercept + language + action + focus; diagonal G,600,3000,0.8666666666666667,0.85,0.7266666666666667,0.7966666666666666,0.7866666666666666,0.63,0.016431113214918868,0.01672434464197936,0.09859722371232343,0.09902477899173526,0.2007844498679601,0,20270911
Temkinli,272,68,320,0.1,0.1,0.2,0.020000000000000004,0.020000000000000004,0.5,0.15,intercept + language + action + focus; diagonal G,600,3000,0.8883333333333333,0.915,0.8133333333333334,0.82,0.84,0.69,0.015684387141358124,0.014966629547095767,0.09953860285667039,0.10213426362358861,0.19942152364815172,0,20270928
Temkinli,288,72,340,0.1,0.1,0.2,0.020000000000000004,0.020000000000000004,0.5,0.15,intercept + language + action + focus; diagonal G,600,3000,0.9133333333333333,0.9083333333333333,0.83,0.865,0.8666666666666667,0.7483333333333333,0.013950806428303706,0.013877773329774218,0.0991272378169514,0.10110217944536305,0.2007107914313873,0,20270945
Temkinli,304,76,360,0.1,0.1,0.2,0.020000000000000004,0.020000000000000004,0.5,0.15,intercept + language + action + focus; diagonal G,600,3000,0.915,0.9166666666666666,0.8383333333333334,0.8583333333333333,0.8466666666666667,0.7283333333333334,0.01423594173340974,0.014709533315859153,0.09813160203140817,0.09958594393694223,0.20051638055851384,0,20270962
Temkinli,320,80,380,0.1,0.1,0.2,0.020000000000000004,0.020000000000000004,0.5,0.15,intercept + language + action + focus; diagonal G,600,3000,0.94,0.915,0.8616666666666667,0.8916666666666667,0.8783333333333333,0.785,0.012688395106173605,0.013345654029738726,0.09864850713646407,0.0999405790968006,0.19967517011629676,0,20270979
Temkinli,336,84,396,0.1,0.1,0.2,0.020000000000000004,0.020000000000000004,0.5,0.15,intercept + language + action + focus; diagonal G,600,3000,0.9416666666666667,0.9383333333333334,0.8816666666666667,0.9016666666666666,0.8966666666666666,0.8066666666666666,0.01215619793143186,0.012426822841174086,0.10097353700772321,0.09921967825843317,0.1998228824774862,0,20270996
Temkinli,352,88,416,0.1,0.1,0.2,0.020000000000000004,0.020000000000000004,0.5,0.15,intercept + language + action + focus; diagonal G,600,3000,0.95,0.9533333333333334,0.9033333333333333,0.91,0.9283333333333333,0.8416666666666667,0.011683321445547921,0.010530159507778561,0.09948783867284167,0.10172969939052236,0.20019234064306154,0,20271013
Orta,192,48,228,0.2,0.2,0.3,0.06,0.06,0.5,0.15,intercept + language + action + focus; diagonal G,600,3000,1.0,0.9983333333333333,0.9983333333333333,0.9983333333333333,0.9966666666666667,0.995,0.0016652771985913373,0.002353090953838585,0.1973730899885462,0.20005180086216232,0.3004435925816866,0,20271826
Orta,208,52,248,0.2,0.2,0.3,0.06,0.06,0.5,0.15,intercept + language + action + focus; diagonal G,600,3000,1.0,0.9983333333333333,0.9983333333333333,1.0,0.9983333333333333,0.9983333333333333,0.0,0.0016652771985913373,0.20083395006362803,0.2003648484524546,0.2995371251501645,0,20271843
Orta,224,56,264,0.2,0.2,0.3,0.06,0.06,0.5,0.15,intercept + language + action + focus; diagonal G,600,3000,1.0,1.0,1.0,1.0,0.9983333333333333,0.9983333333333333,0.0,0.0016652771985913373,0.20226743656550003,0.19662512292712533,0.2996709356522421,0,20271860
Orta,240,60,284,0.2,0.2,0.3,0.06,0.06,0.5,0.15,intercept + language + action + focus; diagonal G,600,3000,1.0,1.0,1.0,1.0,0.9983333333333333,0.9983333333333333,0.0,0.0016652771985913373,0.20202145042511352,0.19955379849564012,0.2993672893238986,0,20271877
Orta,248,62,292,0.2,0.2,0.3,0.06,0.06,0.5,0.15,intercept + language + action + focus; diagonal G,600,3000,1.0,1.0,1.0,1.0,1.0,1.0,0.0,0.0,0.20089914999389338,0.20067121345095099,0.3002428064044447,0,20271894
Orta,256,64,304,0.2,0.2,0.3,0.06,0.06,0.5,0.15,intercept + language + action + focus; diagonal G,600,3000,1.0,1.0,1.0,1.0,1.0,1.0,0.0,0.0,0.2008759730793011,0.1997243201314029,0.30049762125400253,0,20271911
Orta,272,68,320,0.2,0.2,0.3,0.06,0.06,0.5,0.15,intercept + language + action + focus; diagonal G,600,3000,1.0,1.0,1.0,1.0,1.0,1.0,0.0,0.0,0.19927197365577337,0.19972823818040594,0.29993088202588775,0,20271928
Orta,288,72,340,0.2,0.2,0.3,0.06,0.06,0.5,0.15,intercept + language + action + focus; diagonal G,600,3000,1.0,1.0,1.0,1.0,1.0,1.0,0.0,0.0,0.20160200255922184,0.19778809815324605,0.2999545044151455,0,20271945
Orta,304,76,360,0.2,0.2,0.3,0.06,0.06,0.5,0.15,intercept + language + action + focus; diagonal G,600,3000,1.0,1.0,1.0,1.0,1.0,1.0,0.0,0.0,0.19971492049712358,0.1988009897994855,0.2982448681185267,0,20271962
Orta,320,80,380,0.2,0.2,0.3,0.06,0.06,0.5,0.15,intercept + language + action + focus; diagonal G,600,3000,1.0,1.0,1.0,1.0,1.0,1.0,0.0,0.0,0.20111379100895335,0.2011736175119443,0.2992820193449657,0,20271979
Orta,336,84,396,0.2,0.2,0.3,0.06,0.06,0.5,0.15,intercept + language + action + focus; diagonal G,600,3000,1.0,1.0,1.0,1.0,1.0,1.0,0.0,0.0,0.19732490908417719,0.19932682737499752,0.30061485036548546,0,20271996
Orta,352,88,416,0.2,0.2,0.3,0.06,0.06,0.5,0.15,intercept + language + action + focus; diagonal G,600,3000,1.0,1.0,1.0,1.0,1.0,1.0,0.0,0.0,0.19933504462323967,0.2005238996136969,0.3007673674024445,0,20272013
İyimser,192,48,228,0.3,0.3,0.4,0.12,0.12,0.5,0.15,intercept + language + action + focus; diagonal G,600,3000,1.0,1.0,1.0,1.0,1.0,1.0,0.0,0.0,0.30289595931270624,0.29958227556709305,0.40058957363273223,0,20272826
İyimser,208,52,248,0.3,0.3,0.4,0.12,0.12,0.5,0.15,intercept + language + action + focus; diagonal G,600,3000,1.0,1.0,1.0,1.0,1.0,1.0,0.0,0.0,0.3023087667234442,0.3017882824404954,0.3987501193853576,0,20272843
İyimser,224,56,264,0.3,0.3,0.4,0.12,0.12,0.5,0.15,intercept + language + action + focus; diagonal G,600,3000,1.0,1.0,1.0,1.0,1.0,1.0,0.0,0.0,0.2966389301543619,0.2983389843259861,0.3994373044300058,0,20272860
İyimser,240,60,284,0.3,0.3,0.4,0.12,0.12,0.5,0.15,intercept + language + action + focus; diagonal G,600,3000,1.0,1.0,1.0,1.0,1.0,1.0,0.0,0.0,0.3048746550864118,0.3009486142400778,0.4009587238591193,0,20272877
İyimser,248,62,292,0.3,0.3,0.4,0.12,0.12,0.5,0.15,intercept + language + action + focus; diagonal G,600,3000,1.0,1.0,1.0,1.0,1.0,1.0,0.0,0.0,0.2978217680307159,0.3008460651502194,0.40136789290311176,0,20272894
İyimser,256,64,304,0.3,0.3,0.4,0.12,0.12,0.5,0.15,intercept + language + action + focus; diagonal G,600,3000,1.0,1.0,1.0,1.0,1.0,1.0,0.0,0.0,0.2997078785972257,0.29769918874396045,0.39904490913293605,0,20272911
İyimser,272,68,320,0.3,0.3,0.4,0.12,0.12,0.5,0.15,intercept + language + action + focus; diagonal G,600,3000,1.0,1.0,1.0,1.0,1.0,1.0,0.0,0.0,0.3005795924597519,0.2981214933538731,0.3998524715464813,0,20272928
İyimser,288,72,340,0.3,0.3,0.4,0.12,0.12,0.5,0.15,intercept + language + action + focus; diagonal G,600,3000,1.0,1.0,1.0,1.0,1.0,1.0,0.0,0.0,0.2984561572951631,0.3011429140923031,0.39960037272670657,0,20272945
İyimser,304,76,360,0.3,0.3,0.4,0.12,0.12,0.5,0.15,intercept + language + action + focus; diagonal G,600,3000,1.0,1.0,1.0,1.0,1.0,1.0,0.0,0.0,0.3019778799304068,0.29797965736837534,0.39955359348489233,0,20272962
İyimser,320,80,380,0.3,0.3,0.4,0.12,0.12,0.5,0.15,intercept + language + action + focus; diagonal G,600,3000,1.0,1.0,1.0,1.0,1.0,1.0,0.0,0.0,0.2995839769608853,0.30055697195867903,0.3996646846664208,0,20272979
İyimser,336,84,396,0.3,0.3,0.4,0.12,0.12,0.5,0.15,intercept + language + action + focus; diagonal G,600,3000,1.0,1.0,1.0,1.0,1.0,1.0,0.0,0.0,0.2990715996435845,0.29922299735835356,0.4008972404150724,0,20272996
İyimser,352,88,416,0.3,0.3,0.4,0.12,0.12,0.5,0.15,intercept + language + action + focus; diagonal G,600,3000,1.0,1.0,1.0,1.0,1.0,1.0,0.0,0.0,0.3027328070757551,0.3011382567023451,0.40046600399955495,0,20273013
